age,income,loan_amount,credit_score,label
43,8746723,91239308,523,1
39,8787011,110754399,416,0
27,92745641,1139681840,762,1
29,5006985,21026621,567,0
56,5485621,13122414,527,0
51,64819421,945831580,484,1
28,28826129,348624851,742,0
42,29399398,66838919,464,0
21,15257372,89162671,341,1
29,6496413,42234565,685,0
63,40324585,298238764,609,0
66,16799861,75691664,559,1
67,16417675,152781866,549,1
18,39457915,272340811,668,0
18,131957069,1976818119,436,1
41,35150708,502863094,594,1
45,19979782,245818516,682,0
26,10687780,150923968,342,0
36,16584099,150154550,714,0
60,6700845,63082151,641,0
47,14395989,189560786,780,0
38,26899532,361224243,623,1
48,5162294,53685796,833,0
59,7076241,105052926,425,1
68,121879643,1672616380,554,1
58,5064966,11019002,430,1
39,10231595,148544031,594,1
25,7082617,87229245,444,0
24,17110519,223672612,313,1
49,14962333,30080769,519,0
31,12131001,24251097,306,1
53,15634026,24106542,373,1
70,27595465,158935403,597,0
46,12791342,155288073,502,1
33,12495284,141757546,708,1
58,45444243,439726873,429,1
70,8986453,39142747,377,1
63,35255044,386325573,820,1
45,49801941,133792653,753,1
60,16931866,69092186,517,1
25,14935271,134297171,635,0
62,19025076,61742934,361,1
33,89489903,358352023,811,0
39,36343079,405566225,484,1
25,11942899,154653044,576,0
59,15641769,29225018,333,1
60,12074176,167956704,659,1
41,10377408,98157677,302,1
66,17346885,138983048,307,1
26,7382089,93568229,765,1
50,7860920,61585854,603,0
41,9982798,35357080,307,1
68,14870909,218323767,459,1
66,13047928,22596295,722,0
28,48433101,81311312,468,0
59,13874695,97779769,558,1
33,5694523,77025469,436,1
69,5666316,22580984,633,0
31,24220746,216340404,455,1
54,43965995,304971672,681,0
18,13468271,95624022,389,1
25,7788415,14571633,845,0
21,8703337,87625797,556,1
60,8269305,41510296,501,0
48,15398143,63118871,725,0
25,10329589,61725227,485,0
67,5012954,34312834,822,0
21,9746767,53244706,328,1
65,19638309,122443359,762,1
27,9184874,50837150,311,1
39,7925698,93301131,785,1
20,41130620,376813062,496,1
59,89220339,1100636573,796,0
52,87253275,244172531,850,0
45,10456570,118989411,565,1
25,94974648,557674768,644,1
46,9903430,77493411,526,0
18,12278435,48161351,671,0
22,18728601,145491236,671,0
49,55888889,575928059,562,1
21,6024200,72574568,641,1
63,5781512,27932611,836,0
49,17287059,139034357,373,0
36,6970909,97987702,723,0
47,7219671,70032920,452,0
55,47450483,572610979,436,1
46,14101650,210608546,643,0
49,16215310,191281341,483,1
61,9414558,61195112,484,0
25,18187455,34346981,635,0
60,85038255,542313252,850,0
25,13482213,175743686,768,1
37,15393509,17377675,694,0
31,20898248,222967231,594,1
24,48260831,73726162,678,0
47,19173060,26026805,495,0
38,35672693,261911240,593,1
62,132308831,1048818591,643,0
30,138475828,805045004,695,0
42,18815103,78312724,590,0
26,8918236,78728123,463,0
53,11899034,67141547,507,0
41,30625421,74886419,710,0
67,16810838,219294991,351,1
39,14781285,218936992,308,1
29,9645866,57866039,427,1
58,80134882,1174822255,845,1
52,18772093,163568601,812,0
34,7520099,75103789,824,0
41,5772639,81582800,347,1
38,14661267,62987981,840,0
63,8677727,90032588,429,1
64,83142732,1120830964,639,1
60,10032628,56376284,758,0
45,8973755,24351253,693,0
28,16174513,193807226,493,1
42,6613636,66265747,800,0
41,12449859,13959484,340,1
51,9509089,81533342,329,1
56,19994068,133377772,628,0
39,18513360,168263433,715,0
45,10051615,35794321,726,0
42,13719283,171361008,564,1
59,15858210,59353134,381,1
60,12462922,117926918,517,1
43,6864765,62984608,436,1
29,16314163,47083999,336,1
66,13145503,38850309,659,0
25,17731674,143165108,375,1
53,68388202,844448299,513,1
36,41261621,171634456,517,0
40,19981180,198648252,815,0
64,29757688,304512592,436,1
70,19610825,256473032,575,1
45,22639485,107384288,424,1
28,32334218,135535900,850,0
48,12583650,14614861,437,1
63,10574993,77899335,513,1
59,17267559,192624406,423,1
18,16168782,235299194,792,1
37,13753744,84438561,353,1
53,12275564,16992397,791,0
40,22066906,81134801,769,0
69,9222817,113576498,361,1
66,14705175,36142909,495,1
31,10855849,107473698,809,0
33,6014868,49610611,573,0
33,5203123,76201116,416,1
48,7880653,73757090,454,0
45,112326237,662521160,493,1
22,43612097,418399179,824,0
61,7104337,65467282,603,0
49,17668757,27529539,515,0
65,6082733,90190903,319,0
41,15604197,75244731,333,0
57,77792618,114961950,430,1
43,15618736,140305161,804,0
24,10857601,131269244,303,1
45,7726038,58485515,477,1
57,6676960,67109856,430,0
47,15714038,124185576,534,0
68,16348293,122866425,708,0
31,8699679,30373499,785,0
25,13414246,62928981,436,1
60,40948169,347356992,564,0
44,8130464,64625177,625,0
57,5545044,46228212,814,0
70,18353309,185781428,435,1
41,16720140,174640803,790,1
36,122813082,800556937,421,1
31,16885688,85429347,705,0
40,15382973,128072669,450,1
34,19370311,83232211,375,1
56,26923290,366607422,467,1
25,23409533,49304873,490,0
53,19546167,74106103,792,0
31,35432936,337993506,735,0
61,107007895,1130468732,850,1
26,5362832,24865233,454,1
51,16321386,172899863,752,1
67,9085267,33108041,433,1
28,18562591,168750965,360,1
50,40839456,499669288,722,1
18,16686825,34562896,835,0
25,46972339,172533760,579,1
57,18135797,62838102,642,0
61,15658241,49896551,446,1
58,5459491,19675871,454,0
31,12009472,156511428,504,1
53,15448274,230649737,640,0
58,21934122,179466025,748,0
41,5204349,51084879,587,1
44,19720176,43496184,338,0
43,115609848,1306054876,832,1
40,9405731,29562605,573,1
67,13646448,157946157,769,1
27,16676630,58013404,322,1
20,41240055,63347231,409,1
22,5663407,67760136,752,1
44,9581869,17678672,681,0
49,14930665,216323107,663,1
33,18590070,265436815,404,1
62,7556101,101053788,593,1
32,9428979,27445262,586,0
39,12616848,51829418,581,1
37,8403193,50130125,356,1
22,41962420,381088787,473,1
49,18987160,80599587,570,0
66,13752353,15193827,411,1
33,31860788,476608272,850,0
34,32091098,474419411,794,0
68,10638353,101441180,578,1
44,8332036,73988926,355,1
18,6430034,65801000,846,1
61,10017180,29410160,412,1
28,10315011,96450078,443,0
59,47944515,228666967,478,0
57,19761987,192841187,815,0
55,17398042,104346861,776,1
41,42389830,333245954,846,0
70,8982166,90060369,735,1
56,49532485,739692942,421,1
67,13445516,99689816,754,0
20,13587814,46651099,346,1
21,9106980,101780501,386,1
36,30537350,442327760,637,0
46,5433761,60175975,412,1
53,12527196,184616567,736,1
64,16871398,199506642,324,0
64,12549666,29198277,679,0
61,14403034,107188865,635,0
27,19336558,149436242,572,0
29,13383708,45277846,332,1
62,6070019,29998635,459,1
52,13258292,142130761,690,1
45,18994393,250280542,689,0
54,12642913,119420093,386,1
33,15422785,223504419,363,1
61,19515819,226869415,763,1
67,103531620,327892104,850,0
45,14112568,171548466,833,0
64,16897743,96606446,636,0
29,15325663,74705881,456,0
28,17709640,181793011,603,1
61,14436195,93174217,569,1
60,9443056,64182626,548,1
63,14364894,24304534,603,0
62,19284273,93393020,366,1
39,13532415,33038660,621,0
26,10768235,26187424,416,1
51,13536874,24264438,423,1
47,9713013,143347394,460,1
41,19162053,209574641,707,0
42,129543571,1070453239,709,0
53,10431194,41537689,326,1
65,19356106,127777757,608,0
48,35800545,43013149,798,0
48,64828199,811030454,796,0
46,6512334,95082158,355,1
24,14558592,36099885,708,0
44,14609125,46335061,822,0
43,9773138,135980014,411,1
70,15293156,214816236,584,1
52,17047148,202130698,566,0
60,14967463,200344437,796,1
65,10377744,69686895,552,1
18,13740475,92698319,302,1
37,48769854,656036207,631,0
19,19355896,132016058,580,1
26,6688414,66641132,375,1
38,10634075,86243965,739,0
65,24702325,286316131,607,1
37,7085573,90696371,687,1
32,16857987,224650723,769,0
66,17465621,207895874,371,1
21,12164011,68391213,571,1
25,26592491,78959865,812,0
21,140316815,274290613,597,0
42,18257670,59848192,730,0
55,23355084,38718771,524,0
69,28308791,293345381,312,1
61,10506145,20343279,669,0
57,18445924,180879003,512,0
26,8487424,97892251,346,1
47,67182538,965060605,461,1
49,14318375,130268687,724,0
51,19015541,235251679,303,1
21,13157355,157319024,408,1
50,15414233,172392739,734,0
63,11081284,48226875,324,1
26,10293581,72726822,304,1
42,12921742,164029790,606,0
38,8549007,13557925,718,0
40,12421080,134536824,734,1
53,5389199,20766813,836,0
22,6904649,93663038,315,1
20,11528825,155893831,556,1
25,5817887,33219312,770,0
27,10402967,134978443,593,1
44,42241691,316398617,608,0
53,11902130,63145272,456,0
35,16216397,104449146,824,0
40,37576609,387543207,850,0
60,6509297,74646809,647,0
59,6184620,55584431,448,1
50,28462526,133498926,500,1
49,7562040,54173939,657,0
44,12151816,70521158,823,0
63,17390221,27000896,500,0
45,88929291,1220678712,455,1
56,14753251,177148410,616,0
62,82739022,846735456,644,1
52,15230167,35717475,762,0
40,37755486,144140587,488,0
23,7008069,74759109,738,0
29,40157414,418367304,596,1
38,6066643,70139583,448,1
52,19422523,81534203,603,1
46,15301514,140986848,509,0
35,8362316,106971258,688,0
63,19299882,229054265,513,1
19,16063955,103025352,768,0
34,5568622,79660343,817,0
20,16945053,232378152,658,1
20,6342804,58545973,441,1
65,93570882,898832754,594,1
67,14966977,69499068,551,0
36,42756425,120375443,564,0
34,14338783,206936646,320,1
60,5295207,53967928,626,0
65,8416813,68669615,796,0
40,8310011,10994702,814,1
21,19583034,139751527,451,0
40,28995484,195881916,677,0
33,12530165,30480746,557,0
68,5074091,12043442,657,0
64,18740585,98303468,708,0
32,11803037,94542193,790,0
35,13212104,26522138,347,1
59,16489883,119478248,669,0
47,10131492,21702939,484,0
24,31060731,246686963,813,0
46,11273476,147407356,786,1
56,7457704,77699291,366,1
61,9808821,56910897,835,0
64,10669657,16045553,307,1
24,42682566,124093894,672,0
36,24041379,176182886,301,1
59,23042931,249095861,370,0
55,14413681,114904540,578,1
55,8643950,28572145,798,0
48,15956038,209599947,674,0
50,19361005,148875813,317,1
42,14988149,43736978,512,1
24,53803609,328366870,797,0
35,18574596,83684428,678,0
45,30834487,142975195,547,1
50,45843368,221510226,602,0
64,7559595,49553995,420,1
21,119379416,685656052,587,1
59,12603278,129079167,325,1
20,16258463,115989895,330,0
52,9275049,137215050,510,1
65,44232320,587309110,842,1
48,6579307,86229611,386,1
30,8031498,35285446,662,0
55,15251787,55682972,480,0
52,7265193,9768631,521,0
70,5689553,16791008,850,0
37,18399586,220453009,613,1
22,28307258,301007936,616,1
58,15747784,80748306,647,0
44,6634990,50335106,588,0
39,32309813,373130464,598,1
46,90647887,623392728,706,0
52,15649022,47270221,790,0
59,16222998,194100877,468,1
45,24296053,294420207,760,0
64,15010170,19382641,668,0
49,15548241,30667806,605,0
53,11510081,128487014,462,1
18,34912365,347535070,531,1
40,48393873,239578354,575,1
53,12445357,103082771,483,0
52,40911619,382750478,537,0
66,18129365,56383921,577,1
46,7116654,14115486,471,0
58,9201439,52206815,641,0
30,7022706,9059140,694,0
27,7131913,83879723,466,0
68,5280210,25898541,363,1
63,17519350,238084108,533,1
58,100108055,817051424,648,0
20,19468906,186383236,311,1
53,13649353,120902346,765,0
64,98678753,829778987,737,0
45,37244956,496054852,774,1
49,18851838,138786461,628,1
19,11308852,140365966,440,0
46,10291184,111662343,425,1
49,90183989,818986529,717,0
33,8369475,35196375,334,1
24,75766977,804104232,505,1
54,9915009,127100834,622,1
24,9148733,114955342,687,0
18,8279115,103551531,705,1
36,5674390,84723030,596,1
24,8482195,42099258,309,0
66,14587302,216671949,693,0
54,6887920,98833664,570,1
55,9377749,25350572,512,0
55,49844048,531167894,637,0
65,109648090,1256505887,822,1
42,116581968,1116277163,464,1
54,12410240,156949751,462,1
53,14615278,32649269,313,1
36,27917841,246714631,429,1
32,10464103,16735944,382,1
58,139097878,931999350,689,0
22,13775137,115701727,702,0
30,19421862,72657402,516,1
54,18269524,198873086,390,1
26,18629441,192712225,404,1
20,45891229,540279560,521,1
48,83764504,1147093978,850,0
43,8512660,71818753,660,0
68,135331035,1265276772,850,1
46,17301062,71737052,573,0
50,71560844,572240248,765,0
70,17121661,159911598,472,1
70,19434648,262330110,795,1
52,12510657,75529181,839,1
23,6275698,63713085,322,1
62,6660854,42868503,536,0
34,5285752,72043240,828,0
31,19835145,58410604,681,0
58,126659462,237335525,745,0
19,40283909,415710125,505,1
50,12018169,24605081,399,0
35,10495646,54841759,379,1
67,8690615,82391042,590,1
54,9280782,47393567,430,0
30,16409961,131325896,659,0
61,8554989,65011605,766,0
55,13509269,94283002,808,0
21,39127238,390497066,779,1
54,11687021,54239249,341,1
41,6946238,47739879,626,0
18,106886122,657851349,465,0
46,9565387,67368453,731,0
25,11693850,67030379,365,1
36,16235128,241267012,682,0
43,38761148,136188847,801,0
53,18259178,153021325,516,0
40,43003157,531999695,485,1
45,10219236,47490021,824,0
24,6887906,88685984,819,1
70,9545153,73044270,768,0
25,19963180,96557390,655,0
34,26533830,301068158,372,0
66,10406286,105063276,527,1
47,20108967,253031553,540,1
70,18213790,84359487,418,1
46,35909093,45354754,850,0
58,9748134,145570051,560,1
26,12266625,127900641,834,0
53,15381634,200151438,553,1
58,14186903,16831278,563,0
65,74663100,125394105,439,1
52,115475799,298908666,565,0
60,15170780,146073362,537,0
59,19945678,38313405,381,1
21,12676883,168425375,728,1
66,67572342,556868257,421,1
63,7205640,97103376,722,1
18,31281301,348825389,715,1
48,38984853,164051539,850,0
53,19029870,279535931,572,1
21,33784727,345565131,850,1
29,17046612,44615752,504,0
36,91778163,1321646451,749,0
61,14348050,153726522,619,0
57,131544234,1001134135,794,0
19,6425701,24499236,530,0
59,6678071,90806010,588,1
36,83124997,112536068,427,0
21,18494415,157698151,770,1
59,34148183,494565050,491,1
49,68799166,630702110,507,0
63,14369722,23443309,473,0
21,9397052,66115066,350,1
55,44493042,475632356,409,1
28,11630807,73462123,633,0
28,24212283,334846214,349,1
36,11866639,30548086,327,1
35,18918966,173604932,343,1
19,7321520,11049435,597,1
39,19123286,277676148,587,1
40,8175712,122450746,587,1
34,6682759,41688432,763,0
18,92690018,559173218,505,0
30,20174768,254776151,565,1
30,48923275,134136379,608,0
50,11615615,129170150,345,1
62,36493796,418680108,428,1
69,8461555,81340264,586,1
19,11755562,35433084,486,0
24,7063697,41717845,368,0
26,19033142,270367468,373,1
70,45174524,482745956,602,1
21,15416446,71719998,326,1
51,15203018,132617700,619,0
39,17114509,50293860,726,0
61,16914596,225300627,760,1
49,12260311,144469316,712,1
53,17564268,145441166,639,0
38,148323703,1807552846,680,1
31,32593011,132366469,760,1
31,52395369,291719946,769,0
23,9247809,29066620,491,1
59,18934005,54930493,840,0
49,9811785,101279382,503,1
45,19502663,205752647,563,1
58,12838780,39510466,587,1
58,18730990,37462786,318,0
27,22136097,187430035,618,0
50,9697463,95025010,824,0
62,48427676,267818660,427,1
51,12548466,85619966,810,0
55,78502323,475503205,787,0
30,20655686,222383363,328,1
61,24771751,282704938,579,1
51,82463389,259556552,414,1
68,12350289,163499573,718,1
44,46906869,109261603,815,0
62,15328101,47767249,497,1
63,32630580,166492170,812,1
18,10522396,119981702,728,0
34,12306660,95639347,693,0
60,19739921,238146705,500,1
40,40456175,103813004,439,1
68,6876848,99608025,622,1
26,25228529,329020100,808,1
64,6527363,76671632,493,1
52,19421287,157524595,647,0
19,69861518,633085494,588,1
70,13450806,128709405,346,1
69,31652385,353881432,510,1
21,14377908,145178989,461,1
20,43292933,101077053,775,0
47,14909676,125232254,541,0
26,17132553,137807623,715,0
43,13015779,17158214,605,0
38,18792997,254923012,775,0
20,17369743,63262354,337,0
34,32944683,375478980,700,0
38,42644251,330071598,825,0
41,17537343,79928319,398,1
51,36143833,319774802,850,0
18,5502246,60343679,779,1
46,15235257,176776144,480,0
39,10550516,113090424,626,0
64,114777660,1009297966,649,0
33,17520012,137448672,767,1
21,15962914,218780187,425,1
32,19806996,39755541,305,1
32,45275618,320199688,585,1
54,10856111,97492396,500,0
70,8763074,30778995,544,0
29,44587243,402137606,734,0
36,13973044,108402567,723,0
30,11026492,125944259,444,1
40,6167682,7172038,450,0
66,40985093,278952677,580,0
48,5137989,9635762,708,0
51,110075108,701891838,835,0
27,22146801,123770395,463,0
19,87624501,1282228810,515,1
27,13526146,86672263,796,0
63,17269271,159700040,496,1
35,64447214,828519700,410,1
46,7964994,20206936,670,0
48,12449858,107553050,585,0
49,10903604,76628774,460,0
38,5195253,16097400,795,0
47,15550491,113771337,390,0
24,8643784,126006276,828,0
60,7949110,35128632,480,1
42,15594963,82933383,561,0
53,14679334,90498162,510,0
69,11862824,17765892,324,1
26,15992688,129479002,392,1
27,18386404,189295302,428,1
43,7604035,65203302,512,1
59,5150237,47950455,314,1
25,6543533,82953409,375,1
20,31920027,271633982,812,0
54,5666948,80445755,441,0
31,12249908,114891961,442,1
57,58698062,497698462,824,0
51,9585229,74896833,553,0
34,40113602,203588451,717,0
67,14284513,138262708,482,0
57,46537357,321796705,611,0
43,7974231,103394112,700,0
35,19773233,95388137,359,1
50,8606401,11830879,440,1
59,13990159,109355244,458,1
43,27376001,141377734,460,1
35,19013199,186214887,377,0
30,41764883,42643304,686,0
19,37342887,340839668,770,0
57,11144591,110103050,701,0
57,39612415,463324050,423,1
20,15896536,210154654,455,1
58,42221461,510076426,781,1
20,13783989,144772877,438,1
50,10464871,41152687,850,0
21,13457917,167441447,619,1
28,16690700,19249995,534,0
36,17537785,237394565,633,1
61,39411015,535252348,432,1
28,24884410,332668556,821,1
43,46983962,259807407,739,0
42,5926745,70061915,485,1
47,6149687,58909817,646,0
19,12154860,123245640,448,1
46,81002905,877481647,438,1
68,27444390,284198690,621,1
20,16324951,52489441,364,1
61,28732320,141677092,752,0
50,9681468,109326442,345,1
41,6070899,60766277,716,1
21,19282150,29396335,671,0
20,36107211,89480915,717,0
47,5731825,14823473,670,0
53,16698958,122441141,562,0
49,5275349,21783862,647,0
25,47446879,490750170,471,1
30,15550714,72577525,722,0
19,27261408,228433417,416,1
33,62885233,585891460,420,1
21,13612580,50529216,570,0
57,118443018,209321959,638,1
63,122650635,555656190,456,0
19,7150575,38754400,420,1
41,49142982,317542053,652,0
41,10247861,98440547,600,0
66,19472857,183622246,358,1
65,14077953,48587537,310,1
37,12789155,30385807,512,1
38,27302794,302302231,563,0
29,7902928,77491690,460,0
18,7931801,45009885,807,0
40,13901197,94984462,405,1
29,125759469,1667442568,410,1
43,8845220,38550029,387,1
39,6721164,24592952,670,0
62,13174421,197217463,343,0
26,14234885,107970734,504,0
40,44118259,291468474,850,0
58,16816471,68658184,761,0
19,73770598,654529582,635,1
41,38036028,342472135,514,0
67,10315519,55547250,624,0
48,5882744,59524140,735,0
37,23905214,181029295,336,1
47,7264500,54720152,357,1
35,28064873,198780279,722,0
43,77015699,306103690,850,0
40,5390421,45925352,461,0
55,12105580,53341022,302,0
25,113002131,196385514,406,0
44,13350491,38082151,683,0
63,115422423,931191017,617,1
40,16664084,32219878,458,1
25,19926137,55645907,388,1
51,9525096,18939936,500,0
27,24940245,207086507,475,1
25,5442235,67115162,437,1
23,12748565,140972158,790,1
24,17839333,34172934,516,0
18,41609400,380170351,523,1
66,7771900,61870724,301,1
20,113211044,1223764256,620,1
70,14811570,112901171,579,1
39,76792842,790739487,697,0
42,32284502,257271629,704,0
18,8166275,15616944,375,0
19,18613416,41167565,667,0
55,19695955,149929748,502,0
67,6447435,82564988,403,1
70,13897583,133018213,636,0
34,25663082,118299151,554,1
65,6364141,47596609,527,0
54,14102178,93135528,562,1
54,117504038,1054064019,850,0
28,12900498,64899175,589,1
56,7589899,56529781,542,0
53,5111850,28585663,567,0
48,16804412,66777699,363,0
55,18795402,53789573,406,1
42,12676863,159536534,720,1
44,10191699,79273068,343,1
42,15373479,176183271,845,0
25,12813078,53521963,592,0
44,16870348,211545778,509,1
59,13323025,188934223,345,0
51,19863500,173958972,323,1
19,18487761,240712365,328,1
20,116530322,1277485298,709,1
44,16866655,217197495,609,0
50,28264947,57665421,570,0
69,11476689,63174831,591,0
38,14868752,50587326,401,1
63,8897476,124169123,579,1
43,23133648,86740658,653,0
50,92290115,848006123,436,1
57,8384027,35051002,534,1
21,15982873,46875528,527,0
48,12775455,148951414,623,0
28,5969791,21043758,413,1
35,47032469,614528518,711,1
45,48883197,261142804,516,1
52,15936025,107607273,471,0
49,10917302,22837505,703,0
52,23939599,156075369,665,0
18,20530033,70255796,649,0
45,11721091,24996193,447,1
59,14926989,29022123,364,1
63,66018465,149699692,850,0
40,5613470,15918987,518,1
51,16440365,57320257,403,1
56,49923826,282802013,715,0
26,15509453,227721069,469,0
44,7742981,8709698,647,0
60,16365382,60671290,322,1
67,18876743,181551675,310,1
27,16713107,120088029,775,1
42,17075115,143091601,617,0
20,18672830,188490246,487,1
65,23910568,108163689,547,0
62,14365506,208134125,759,1
41,69297990,773646298,584,1
36,60835415,336067455,689,0
53,13681785,84395097,355,1
47,132713957,582439351,401,1
70,82275881,1024235163,432,1
23,12053880,172888785,549,0
46,13814695,97191590,474,0
45,19913270,180246633,783,0
56,6408196,26220580,319,1
34,36328547,244925451,850,0
49,5947611,73779077,525,1
57,18883835,135767895,561,0
48,89734828,720475502,688,0
38,11705116,144024824,550,1
64,13494891,51721053,394,1
27,47435344,354238923,850,0
49,13805763,37668962,587,1
31,46514949,111983780,850,0
69,8872922,14307861,628,0
48,32015388,156357026,425,1
24,49453322,99316804,807,1
27,16454875,101309564,835,0
53,9653542,41158379,408,1
51,147738859,1889499392,721,1
22,101445235,434683679,850,0
48,10155644,76929140,514,0
62,49801935,503144213,536,1
56,5786043,43836704,762,0
31,78087752,293404393,842,0
40,14341021,186287751,513,1
45,43184237,168092259,764,0
22,17131241,114838561,677,0
65,103839506,157347168,406,1
67,19561219,36121807,490,0
67,126549640,1093980024,635,1
38,8076115,64157943,745,0
27,48607364,262246359,850,0
58,13500562,140330704,770,1
62,7566149,56927793,478,1
19,45250969,108636086,713,0
47,48169181,275940717,807,0
27,18785440,170707511,413,1
55,22235134,160212915,473,0
31,6964358,33835345,826,0
56,42051583,114160083,492,0
63,13183566,82830572,459,0
43,9801710,49734122,508,0
55,10649461,13007042,354,1
61,11533296,127353657,325,0
23,11116880,107438745,581,1
41,16193739,184176374,419,1
61,45756865,465221104,850,1
33,7336224,87005643,310,1
50,6891103,78696928,847,1
31,72717136,188672451,636,0
36,9562298,113647449,457,1
42,19811618,217528728,615,0
34,48407833,583270703,411,1
27,5530771,60148604,496,1
65,26997347,331605667,625,1
25,34026794,330309700,404,1
29,9090076,71089184,559,0
51,49464540,406770928,829,1
32,9739630,104771640,665,1
35,8188266,47499937,314,1
52,19574499,51807579,836,0
34,16878298,240878520,368,1
47,13058787,108583821,640,0
59,102454408,390647548,850,0
67,19822992,158086677,429,1
24,6422503,59048603,340,1
22,17402590,130352596,494,0
36,7477048,15327594,461,1
58,17197341,51069903,688,0
69,145865654,1646795496,782,1
30,46979722,193443443,472,1
19,20172303,72308157,633,0
40,7914087,13528364,634,1
62,23960111,112085242,610,0
46,10878544,52722224,445,1
59,12392860,32087861,320,1
19,79403342,722482726,824,0
23,6832182,61194790,543,1
32,14616660,215534712,785,0
25,17891219,45235216,365,1
27,79978412,268644016,850,0
24,7386937,67781484,608,0
56,8620319,60336894,676,0
64,15273381,110681758,554,1
67,11970731,17634077,585,0
30,18880393,277866697,341,1
40,16919938,55070784,648,0
51,16410379,69943030,764,0
52,23958479,54683943,611,1
18,46993733,157632684,850,0
67,5610532,73732086,819,1
25,36160915,421534589,850,1
27,14949111,93786860,500,1
54,17290556,128413498,691,0
63,17197164,134930736,552,0
48,5521800,43160591,435,1
58,10030454,105070091,576,1
50,31391728,39149801,465,0
43,22312432,192736282,338,1
35,63855235,915491141,739,1
20,11132259,62733187,349,1
33,13662711,37548932,415,1
36,20185792,89304698,436,1
36,6165804,86500807,513,1
18,7178301,81233272,434,1
66,17194191,33989783,466,1
21,9978906,107250741,628,1
59,31645031,225005204,494,1
59,143861459,1839733245,850,1
43,6639798,84178123,797,1
31,143433369,707905178,825,0
59,85730034,824311012,487,0
49,8817359,91969178,308,1
29,15086353,220264174,449,1
39,19921801,205580558,326,1
37,6962594,37232207,300,1
21,35710552,59263916,474,1
47,15603269,55273307,789,0
26,28762795,63084460,809,0
20,49618303,431581921,850,0
46,12545734,159892848,434,1
22,6771760,20036786,403,1
30,9792405,78960594,613,0
46,16619690,64074282,701,0
37,49868211,630336011,477,1
29,39713198,554996260,405,0
58,66680880,182067557,461,1
22,14183374,100137982,731,0
33,19009013,168180352,331,1
33,7737982,84299611,845,1
70,32148223,362316610,619,1
23,14012370,39697627,648,0
65,29990785,295913024,385,1
41,35353817,148390789,850,0
37,118649444,1266534681,670,0
56,11718743,123322011,659,0
64,6473532,16899579,734,0
33,8484029,73745453,553,1
63,6362840,63759378,724,1
34,34007393,63612160,792,0
59,11134167,138907073,410,0
43,8884302,122512868,722,0
19,14643287,23350235,675,0
49,17370430,251768818,643,0
58,16525211,46084285,643,0
21,7987801,38762309,352,1
65,9444094,36261035,305,1
48,47314603,296563449,820,0
67,12682527,39702053,647,1
19,5059578,52659954,643,0
46,83899744,1220444116,850,1
63,115616954,429460761,850,0
39,20735944,127439826,759,0
35,55911474,680910056,444,1
37,16683664,117966074,681,1
30,9584491,77689451,597,0
59,11868438,100144012,748,0
24,43220102,554041871,512,1
63,8504964,55126348,654,0
18,29796870,349404527,375,1
35,18314419,247933769,526,1
41,5390080,16400717,398,1
40,19784885,198275217,457,1
52,5674784,31329693,405,0
18,114024488,1570985885,509,1
44,8176550,96902816,842,0
45,8856080,104968114,598,1
52,7550953,13796703,526,0
43,9217569,123784887,822,1
38,25933689,111114245,448,1
29,5215982,33470030,336,1
68,9565331,29663260,409,1
38,6673801,86978561,569,1
46,6281853,17739811,754,0
36,11742779,57626691,709,0
55,23507174,40642934,451,1
27,9388872,18540148,601,0
26,29169702,191610385,698,0
66,9487977,107550709,696,1
33,5110309,71632013,843,0
20,16150330,227852931,817,1
21,7746581,39116991,655,0
62,19289376,91884928,369,1
19,11602427,53753003,394,1
58,7836216,12307354,643,0
61,11348751,28369245,779,0
66,9067147,11382194,427,1
57,23505427,185331391,308,1
18,6900770,59070847,451,1
27,9727869,108399708,471,1
18,6123774,47747004,701,0
37,28031892,191343174,844,0
38,12166159,154331485,707,0
63,16854656,148914198,733,1
42,5077046,32456057,800,0
65,8325658,119936806,398,1
39,13504498,47824308,451,1
43,36291759,513453587,758,0
30,41023082,66919633,850,0
19,10648911,111587806,446,1
57,46584376,575719973,409,0
25,28831378,164342985,696,0
23,18039979,179198825,730,0
53,18782754,184167432,333,1
50,11208037,127729328,421,1
54,10805285,69454410,830,0
66,18818025,76885374,490,1
47,9120453,16381849,505,0
43,9529430,117759379,782,0
28,122489729,1072884094,544,1
46,9934559,89285523,582,0
24,19100068,238369979,340,1
30,6475190,81260106,711,0
68,14289285,91214754,797,0
18,47123950,338707089,732,1
64,13994861,162504397,597,1
35,10844368,146201300,744,0
61,47666467,546793281,820,1
53,12924346,131821585,414,1
23,12901816,64175887,801,0
41,12731474,102755392,753,0
45,19058042,192803906,428,1
69,125123167,1564167736,556,1
66,13311266,184492284,450,0
55,26136548,316210079,687,0
66,13545872,146117182,304,1
54,36307277,139560945,405,1
48,13616982,63545179,437,1
27,14565501,114780930,461,0
53,12077073,59705162,754,0
30,6027311,36220996,655,0
38,6817458,95336276,561,1
41,25859601,313698200,374,1
34,16687894,42694715,494,0
28,8922629,96286004,351,1
53,17148617,237485371,546,1
19,13533088,110007114,752,0
21,6015851,28948927,510,0
58,65142919,973569070,674,0
58,16711324,149882506,846,0
47,19979459,163027547,399,1
69,17054420,140301865,355,1
61,16113553,90302830,555,1
49,9899813,121709221,360,1
45,67444299,905823962,774,0
29,45282581,244945574,549,0
26,6445824,74249886,351,1
56,11317928,139122834,665,1
23,19064526,98283525,579,0
40,16991872,210740871,393,1
63,18536122,56750853,506,0
18,9260898,98656650,519,1
58,14562059,213541154,835,1
21,19581311,260686547,462,1
46,13657421,146074730,551,1
41,17141026,181258792,754,0
39,9682053,47011905,637,0
34,26913929,172006179,371,0
62,15775849,204328308,451,1
21,19507796,248252158,462,1
24,26797727,212562509,803,0
49,6421432,93436687,735,0
44,6554022,15820674,406,1
34,7461665,40592995,559,1
47,16207573,166261834,473,1
56,27876032,296709207,514,0
59,9851566,129563959,784,0
55,7870659,46312028,672,0
55,11061873,30246456,437,1
61,9996762,96348529,587,1
65,20898208,123912088,808,0
56,68338740,70547060,518,1
55,14236172,26622789,416,1
66,37990008,140401565,583,0
68,35193531,132251039,850,0
24,13517769,200509556,313,1
38,14082873,30821521,767,1
60,41210955,429660679,429,1
39,8121532,70234204,625,0
32,22810942,257778830,453,1
32,22317002,244008620,784,0
27,17382947,186276125,736,1
40,142097124,173779548,850,0
48,14412491,134477534,841,0
37,56061605,240569551,777,0
41,18237699,166596358,336,1
29,17205807,159599527,762,0
62,136660038,1489809900,555,1
66,19525721,198090777,396,1
19,9426179,121916487,327,1
58,24403515,46231729,596,0
33,79554705,849108663,613,0
64,39256807,398604312,583,1
59,19201359,225243894,786,0
68,7569357,99275563,382,1
64,11616424,82773797,555,0
35,7331902,78098112,704,0
34,13697954,51373619,751,1
54,27081703,122246164,696,0
40,14195386,182323078,718,1
19,7836240,99438164,377,1
33,12635228,123284662,335,1
27,30097847,189187040,798,0
29,25229508,344877565,405,0
68,19176131,168607654,518,1
32,13449749,16301934,660,0
58,8482246,120531898,538,1
36,17582462,151400172,730,0
66,126744080,214677625,672,0
57,10053751,50248440,717,0
35,6418116,54726179,478,0
19,44500553,259524221,403,1
40,5904248,85410103,534,1
59,52678622,662323706,753,0
19,10606190,42720505,603,0
61,11900986,97943166,585,1
18,7530434,110495882,725,1
68,14936215,25011458,754,0
21,10690648,83277446,390,1
23,10652833,102753946,844,0
28,8883672,55403286,433,1
39,17698717,130648626,849,0
61,30923928,295599288,740,0
61,9568901,36924793,506,0
68,18706684,85955503,315,1
19,18369810,231439142,315,1
32,16842891,227209316,383,0
31,7880577,69249861,598,0
49,11762441,116046721,740,0
44,5741157,9786178,720,0
32,16496755,63285361,486,1
39,36558606,531810919,477,1
52,9781988,28141534,744,0
30,9634705,115014883,567,1
53,109706302,653116394,701,1
41,8938395,71498028,433,1
54,9189799,30723741,334,1
60,82215023,714136523,518,0
28,8997433,57704108,596,0
59,12881692,175677091,667,1
58,34091635,37018238,651,0
42,7710430,109761648,327,1
65,6014626,10999414,839,0
21,16687578,152199903,645,0
61,34450959,94730656,850,1
56,12705889,94180019,667,0
67,17604179,106324324,599,0
25,7950234,78108758,558,1
48,80621030,1168720264,405,1
40,29967461,41480351,385,1
35,6649649,41936868,734,0
45,19812626,288770063,686,0
65,9702888,23693027,757,0
36,19511667,136443380,723,0
63,10511516,120200269,553,1
67,5223481,23550115,410,1
42,7470215,46548100,340,1
42,11165832,155240160,404,1
51,8332790,88389467,701,0
54,49803444,305297709,435,1
43,11482968,39378456,483,0
55,17287446,164260880,490,0
58,16241685,239328665,636,0
54,7731637,102298247,340,1
31,148416361,1405928867,850,0
54,17480630,217017383,365,1
32,16343337,199723838,576,1
34,71222519,980139940,591,1
45,8130114,30925873,400,1
49,14877566,63926346,541,0
20,14220318,95887497,596,0
53,15431012,48470464,780,0
65,44344476,205133562,714,0
19,30743215,97260733,497,0
29,6814032,54715833,468,0
60,6780555,69103002,791,0
68,18084434,100122819,347,1
36,12116391,108695844,671,0
38,15590376,81653984,438,1
61,5342769,10849614,315,1
62,19181188,186689291,447,1
45,119481821,697862742,850,0
35,11327655,31098205,339,1
62,118461101,903694185,401,1
51,13658732,186914822,622,1
34,14371923,52411654,667,0
41,35021340,385283202,850,1
69,73193214,499048991,416,1
46,113003615,280857444,819,0
54,12449120,38410789,837,0
68,9794290,43426562,713,0
66,8906811,28410667,479,0
43,70404452,298261698,466,1
33,15904498,133345184,366,1
29,16950859,174731870,808,0
67,15019881,103841456,431,1
42,17574521,224671031,622,0
48,12274352,82719107,344,1
41,10864476,77546084,534,0
33,93921198,922001750,777,0
25,59186557,797174154,850,0
40,6255040,43246173,754,0
50,132681600,1842288541,850,0
24,21102501,311675792,534,1
38,6282086,92239722,768,1
30,10634934,44135768,750,0
41,27666933,112900300,825,0
56,14048199,21289713,674,0
25,13010042,124895936,487,0
61,16647625,237719291,411,1
69,30777006,123020092,576,0
40,10093951,20490069,602,0
32,9565614,56097051,523,1
38,37170563,504170710,657,1
22,31717563,195355843,752,0
31,75439764,348161906,829,0
25,97177663,901592315,616,0
45,9162684,127668513,394,1
44,116437755,1032227059,767,0
60,6639293,50395608,552,0
44,19943735,108463683,797,0
38,47214360,449977690,463,0
65,5124913,35392822,748,0
44,16118461,112811810,597,0
47,8683209,115999239,811,0
56,18536851,243382868,833,0
42,16321054,121110984,658,0
66,18455729,96724565,637,0
51,12992678,94704073,778,0
25,18861590,122149845,414,0
51,99444333,188250011,755,0
18,15011663,17047515,772,0
23,6452526,88183006,377,1
46,7690778,62714854,726,0
59,17862819,263791585,472,1
62,8497793,27058669,340,0
22,12137622,157971674,841,0
43,31501470,163199361,536,0
56,22747916,122228767,611,0
52,18422611,122046485,782,1
36,36318474,287780013,434,1
47,5256651,67896251,558,1
65,10002739,74948025,660,0
25,88557300,617918429,850,0
66,24847717,198022135,408,0
54,13936980,40722586,634,0
48,12176968,60443008,489,0
44,24391796,263898329,560,1
44,48581317,588056084,850,0
41,9377018,112288136,550,1
52,19674597,68277234,428,1
62,13913933,69169553,601,0
63,10746326,100628342,685,1
40,19604754,208820099,512,1
60,22825573,284379847,609,1
36,13542142,92539113,808,0
59,14138973,94308878,325,1
46,5073463,39631981,332,1
39,44842235,128618245,517,0
61,13769369,39246078,773,0
22,6367203,6593614,812,0
53,87982995,1140408902,850,0
18,13882764,167389263,784,0
51,87925819,1033742769,453,1
68,18034931,71457898,780,0
41,109242291,818339600,850,0
32,9315021,103837099,818,0
56,16223225,62013672,756,0
45,7624517,72669601,518,1
49,6003506,48399377,474,0
41,6677810,90810186,818,0
69,12430002,184994141,730,1
46,33419590,313566153,511,1
61,5446272,26893142,587,0
69,16835182,131364383,482,0
39,10324039,27339667,436,1
40,10133496,116074966,761,0
56,34869096,232571785,828,0
27,13665430,183751897,468,1
36,5986414,17826588,486,0
44,74534961,600015090,838,0
63,10176129,97095130,534,1
41,34632383,341747241,806,0
18,22951138,243738929,846,1
30,8429550,24862466,643,0
51,17775719,131479751,507,1
57,15914294,101077229,349,0
66,14331026,173753505,523,1
47,27017868,188400684,331,1
32,93802055,1233195313,850,0
60,18011860,158938504,774,0
34,17476442,203465414,499,1
27,8838827,27343368,698,0
34,11093068,78225202,439,1
43,11950157,104784522,637,0
36,40220473,104418212,850,0
42,19363118,134523014,392,1
22,9373445,124337062,767,0
59,32698902,372084836,842,1
29,21367817,65798552,527,1
23,13978657,33757135,540,0
18,7726306,27159858,592,0
27,12156338,127065084,471,1
36,79359167,519843651,453,1
40,130109361,1156390310,850,0
44,24238240,203086103,777,0
67,10530361,68442754,458,0
57,20383832,58766957,450,0
46,11272952,53073653,677,0
47,45790584,507312456,850,0
25,11920634,154102477,473,0
45,31002295,298812776,850,0
43,19519980,152369058,389,1
55,14124637,22194816,572,1
25,12610126,82431196,630,0
39,35627538,118921149,850,0
41,39226668,415502571,438,1
20,6959424,11946118,498,0
39,10823307,158346971,438,1
62,15047461,174347739,765,1
27,41843528,253488666,761,0
24,36072711,440527959,617,0
60,13586094,29066285,306,1
51,19692322,189291726,832,0
64,41032110,167788288,445,1
49,11673912,140400095,785,1
53,12033697,43854859,696,0
66,12613441,85483016,397,1
29,22697183,285447685,357,1
63,15731332,231242907,566,1
41,30784802,331695873,619,1
39,17732089,23369055,348,1
31,11179403,129126404,552,1
57,82233792,341977251,722,0
64,17689142,115830599,561,1
60,71978041,532801581,626,0
70,45692862,666587788,824,1
54,5757256,48877642,376,1
61,45876110,507191341,622,1
41,12038372,83223375,687,0
35,17880195,178121949,449,1
46,12008357,80175484,847,1
55,6217403,64094932,765,0
62,14096920,108635150,322,0
60,35792203,239060096,722,0
55,8724809,94574789,305,1
21,7297802,104817788,746,1
52,18066588,105224400,510,1
30,39942861,526204484,730,1
34,8206224,39771286,442,1
27,17997693,210490007,743,0
65,48072131,194322459,578,0
54,5283083,53936544,686,1
41,12447995,120993629,551,0
22,5469464,24773298,757,0
62,28031799,378999470,622,1
52,16953577,248082713,470,1
21,6921092,32760063,424,1
40,13250152,28096410,568,1
29,10259063,49021654,361,1
58,13802638,70010755,593,0
27,32937053,145901866,509,0
49,101400776,1335166151,607,1
62,22381114,268598977,410,1
23,14566386,39269249,456,0
58,13216618,42750102,514,0
64,17704527,262374047,457,1
63,12857418,110920002,300,0
45,7793585,45000804,599,1
22,19268807,279304373,803,0
41,19872607,30705113,527,0
29,17785753,31295278,405,1
56,6730649,18626154,737,0
64,18200929,224912357,473,1
55,43572241,623313008,753,1
64,18325079,163195726,457,1
48,17686581,206138912,745,0
53,23585038,65627554,387,1
62,15860735,133728072,435,1
59,14575320,173262259,826,0
63,6098706,33763012,463,1
49,12517434,175776506,405,1
49,33685627,360028037,497,1
53,139916985,198050206,488,0
66,17165944,182835288,792,1
25,40898626,72120891,755,0
37,15363874,197412354,523,1
41,9419252,25116157,824,0
54,8455950,54875775,820,0
39,13024401,160628506,494,1
45,11059797,79672031,540,1
45,37583523,265443433,488,0
54,12511447,77284707,654,0
51,8850705,76352352,705,0
50,76681881,111790613,418,1
47,9359381,68055122,457,0
25,25028601,131326207,530,0
34,15807683,179535173,461,1
49,9560278,29181809,383,1
28,109933821,595506309,472,1
62,5568566,81391611,598,1
49,14298037,29405506,643,0
53,16948114,245896729,648,1
64,5608686,45134482,694,0
68,34135724,202476289,520,1
36,12393482,14574824,749,0
21,16918299,22198197,444,1
54,11381692,96481710,792,0
44,124358352,965319904,850,0
53,37038349,76543196,850,0
70,15925810,182842654,375,0
46,36652462,116000427,845,0
46,29779460,84417798,664,0
35,17473093,198917812,804,0
55,10126865,59633623,349,1
43,16712776,157525190,625,0
60,17452935,32583366,305,1
33,11556623,25162822,387,1
47,7320488,51176312,747,0
39,28870024,317634817,647,0
66,20386850,41197873,409,1
30,7996996,66952142,708,0
31,9046597,15368198,353,1
46,32324389,40922115,850,0
53,21566411,43061946,738,0
27,45651225,139686170,424,1
65,76511770,781217933,838,1
18,47941973,236705029,709,0
32,8640720,63879834,543,1
26,16580682,29221966,842,0
29,12986417,85412690,623,0
27,13449190,200657102,574,1
53,10332262,73423200,469,0
48,10519032,50873951,440,1
38,15045374,136875180,396,1
54,46542534,53367027,600,0
38,18287040,249293511,833,0
40,103679655,260339711,405,1
47,16460318,125703214,347,1
60,14243811,33242921,785,0
38,15939464,101376872,417,1
36,126603427,179434769,505,0
59,97423910,707560599,493,1
53,14470058,81796624,819,0
64,14393278,90512668,441,1
60,42481462,470396327,745,1
61,13801700,53747154,722,0
55,38597839,79089371,850,0
44,31660821,68983958,603,0
61,15218231,15584225,429,1
25,25404454,303078079,523,1
57,13607970,36020567,734,0
64,18489943,141194471,640,0
36,7687877,89158810,769,0
32,7274549,84763932,583,0
50,10603708,52326868,623,0
23,15666626,58932181,344,1
35,6119846,58121194,431,1
28,10060418,118448038,677,1
24,120182313,682480225,448,1
44,14015572,86385685,556,0
28,16973488,143371249,607,0
34,5781631,36249459,548,0
19,18773755,96163167,538,1
32,18209425,232963942,661,0
39,13042569,69443025,774,0
24,46387536,652678136,590,1
33,127534096,641516134,701,0
55,49355124,550153390,686,1
45,12553843,34356119,705,0
55,16175214,92540617,302,1
26,12291800,176196005,616,1
42,82312368,1162816241,717,0
18,15984382,32686557,457,0
64,18199640,185718149,759,0
44,5271278,10197771,747,1
54,136429727,428216660,729,0
67,9147905,94343766,638,1
34,11713674,48417004,524,0
57,90324606,1247007986,458,1
46,10445089,105394705,779,0
42,11262846,37864029,396,1
46,9168354,78179264,783,0
29,9834818,85408028,421,1
18,7348615,109179877,445,1
63,19371140,110416888,712,0
34,46347863,343145365,649,0
34,22619940,228976486,631,0
30,17360863,232500662,551,1
46,17986230,27217573,753,0
50,77400050,580914080,558,0
31,41799261,173386198,850,0
46,31816302,176590596,850,0
25,15580445,61904900,752,0
36,28933778,67161915,637,0
64,13836068,42953145,407,1
28,8476680,38713009,608,0
36,13127335,151835927,443,1
61,17293274,74054734,304,1
26,7331796,109671175,489,1
50,19349105,283715997,353,0
40,9391727,12585110,659,0
37,133029705,1766354540,642,1
67,9002671,73766804,373,1
38,97408389,1411199392,745,0
26,10779950,51151038,593,1
57,6438859,94543348,561,1
53,58171569,867393858,434,1
52,33987130,301552078,783,0
22,40261327,350023754,702,0
59,33313611,427231619,850,0
46,14191682,88959361,567,1
20,13051271,79173436,699,1
53,104037044,611627674,719,0
70,12151042,155684091,431,1
57,11218481,51883868,704,0
36,12326342,175884860,580,0
67,15770323,198554739,429,1
57,43636422,59461363,850,0
33,9796420,43534405,557,1
46,34181697,240210696,454,0
40,36521600,501435938,619,0
23,15081052,138320297,770,0
66,13230061,107963052,812,0
56,18091827,159993725,773,0
43,12208742,15034193,523,1
63,61225455,435838370,850,0
45,19194357,44905655,804,0
37,15556214,63031699,572,0
63,34553819,263713419,850,0
62,43687230,341153106,722,0
63,15048390,23437677,641,0
69,31498963,44748513,518,0
55,10166450,77811325,414,1
34,26148712,258591436,375,1
27,10178378,83447213,501,0
50,12637455,152471015,738,1
65,103814911,635278850,552,0
70,37912871,447937848,628,1
62,13169094,74666103,709,0
49,76804882,482281710,684,0
41,12307298,135267375,793,0
63,11257990,66733819,653,0
60,15200528,39225652,791,0
54,24332592,286444920,627,0
53,5474446,16094124,553,0
40,14433486,83666597,717,0
50,9045181,20401621,768,0
36,9210424,28936355,844,0
32,29727076,356829733,786,0
47,106437471,1560545817,796,0
27,9012348,115371994,789,0
35,5076551,38317530,414,1
20,16209352,195339770,407,1
67,9204406,114086992,336,1
52,6741390,60007605,324,1
65,19706433,268831409,565,1
36,10665839,101621753,697,0
41,12493095,32029669,629,0
31,18152026,107019207,324,1
53,88655239,726837309,850,0
51,22854348,61403064,757,0
47,14597735,160425130,419,1
40,12887486,190010182,347,0
50,5446383,21584084,507,0
24,20729502,98552490,811,0
23,6443942,55232754,455,0
63,19565167,227578670,500,1
24,120659819,1568023206,702,0
54,17831603,36737910,520,1
63,15214157,171330987,609,1
48,9418317,113739949,612,1
21,15250597,155004545,671,0
70,6777163,26831384,611,0
55,16226259,22651944,516,0
46,6406782,84945455,524,1
21,23608521,58184010,579,0
60,14606330,54156905,417,1
62,126948565,973297670,850,0
56,16156025,197497646,322,1
60,18721091,20767911,505,1
54,17478926,183953383,836,0
29,19253359,200915954,365,1
42,20672944,165752925,349,1
23,98691960,923167184,526,0
65,10436531,34771582,357,1
31,9042386,36541002,368,0
52,19504941,110060081,588,1
29,23400805,317073245,521,1
21,5304107,22460036,367,0
34,14997125,202571482,562,0
60,21594651,106531188,748,0
42,8870671,124314849,802,0
58,31592161,425311968,850,1
49,82782764,479191234,415,1
26,14293924,112062321,800,0
51,9709456,132526492,711,0
27,129408426,449727099,463,1
70,20230155,252063469,528,1
21,12926108,148963397,757,1
20,15335900,92856866,792,0
30,16176442,214790473,614,1
60,19032372,136250207,692,0
18,10738714,12815838,344,1
27,11710733,93265609,700,0
36,42589293,389534555,840,0
50,16153120,16272062,688,0
60,18438137,128825493,465,0
68,18628660,91276118,785,0
50,10522441,154714219,699,0
22,21735270,287905475,445,1
46,7921232,66087009,724,0
67,9478762,54170138,433,1
44,6068840,23221510,633,0
33,13936770,102028599,592,0
51,10361346,117352752,532,1
18,60323841,273453926,653,0
19,63717531,489967593,403,1
23,12368664,172590890,371,1
37,16007352,53135604,511,0
32,17279537,117031619,842,0
29,132360466,452575412,814,0
30,19097877,177603981,760,0
68,9454504,24092026,551,0
36,15598699,138768576,454,1
27,19871327,164553025,814,0
67,10075562,67945711,833,1
31,7404766,11608736,743,0
38,11978469,169007126,696,0
20,20346738,292112509,618,1
18,17076596,227746859,406,1
53,14994247,109188322,730,0
28,10330390,73067915,458,0
50,133218789,646265027,850,0
54,18783400,273643283,837,0
36,10181620,57917612,843,0
19,17831848,224353967,762,1
26,97485890,946536448,557,1
46,46708054,628770368,850,0
18,29686631,174147231,628,0
59,9419207,22002798,661,0
53,52487508,96550390,542,1
59,7881700,36407750,704,0
64,20362476,271798844,328,1
39,18136487,130309308,611,0
27,87083316,651532213,770,0
69,23368217,251140876,563,0
62,44917826,350235357,534,0
48,37995905,459077173,745,0
41,11596502,18479701,407,1
61,11743405,116649381,644,0
30,8765181,26429259,719,0
32,10931746,65888747,440,1
60,35258733,307757246,467,1
31,11024681,33264520,411,1
35,13733360,150652920,501,1
69,9568068,68727748,369,1
62,9346869,97979412,819,1
40,16324350,16655870,422,0
22,27490563,142699045,466,0
50,18617677,96036055,679,0
20,10358503,72631990,374,1
56,36264783,401313797,850,1
64,11396552,158108897,563,1
65,23048455,289802005,511,1
48,15243802,174351104,766,0
21,5629376,10032630,617,0
68,6151206,6683407,371,1
27,11770438,111642042,787,0
33,10164193,77075341,848,0
37,14853495,125521397,506,1
19,19833500,71312897,435,1
46,8589448,22318190,686,0
49,10729951,59265690,761,0
49,9895940,110648108,705,0
21,19384200,207723251,654,1
48,5519111,74215846,745,1
47,9248105,133632704,420,1
65,36893917,156174698,779,0
38,80713610,607945564,709,0
69,8304581,63861881,588,0
24,24074863,60057297,463,0
48,8391021,34887716,416,1
42,11586657,122502844,493,1
27,10807809,99971263,301,1
21,73207344,806162583,850,1
32,6488544,77867832,663,1
26,7628601,37821730,400,1
38,28145605,292041812,542,1
62,19286693,196211517,823,1
26,18347737,156357380,396,1
21,7849701,34943617,763,0
66,6149540,30854023,836,0
20,5768640,34742585,468,1
28,18245428,162930697,517,1
36,11373428,43302219,507,0
52,14757256,78868895,633,0
53,146498539,310281802,756,0
60,41811154,359027354,630,0
44,14155455,151630240,558,1
46,14242620,200916421,564,1
53,18070130,215283176,483,1
49,8971678,45119511,783,0
22,32471507,440417533,659,1
66,54583347,553196375,850,1
27,8022188,119131399,780,1
61,15833889,138702403,640,0
53,10912081,110882550,746,0
68,13153409,48383315,777,0
70,10605442,115736734,301,1
23,18757751,152464335,388,1
44,6588279,60081031,659,0
27,5586685,66549975,399,1
68,18245258,82066663,491,1
38,18252434,120851513,738,0
55,14058173,35319911,649,0
21,10976028,132846327,319,1
26,7577336,103037837,302,1
61,15776410,189734917,614,1
58,15234595,169361461,534,1
29,88815661,1121852919,850,0
70,15434384,119923436,319,1
66,15288275,35955035,714,0
70,49636359,735940279,850,1
62,27186875,112817622,719,0
56,51586742,215221097,850,0
68,15603238,46496441,813,0
56,41590537,136282993,834,0
53,11870935,171470436,779,0
18,12245097,121466030,697,0
66,20677428,158390377,438,1
31,6778694,39109546,335,0
61,14397753,101844404,340,1
48,7216036,59942799,663,0
35,85276482,1163598544,690,0
33,12186976,173539213,318,1
27,61294715,171419401,850,0
29,15647866,164014482,354,1
53,12073026,15161370,412,1
25,9082488,106605222,521,1
37,25983704,150335526,371,1
40,16265030,40860112,688,0
31,11325828,16660131,485,1
30,5158993,65947946,685,0
56,17824113,88969077,335,1
59,12782038,93171557,763,0
67,19330748,226345611,339,1
55,7515639,38848259,584,1
68,88135449,1083925595,437,1
18,7260859,38339680,426,1
47,8556404,40244429,700,0
40,15619803,94611232,679,0
58,12820465,145311769,847,1
38,43604729,258152009,850,0
37,9681741,138958864,360,1
56,41769496,42797462,850,0
33,6140182,57914092,676,0
53,17628935,154826930,746,1
18,6444882,68570391,593,1
67,18141543,36030575,550,1
22,19860123,113181625,323,1
36,12400220,150749805,648,1
27,7918198,70220483,700,0
24,13948755,148924625,718,1
51,8785941,128108238,623,0
37,5013202,21559183,315,1
34,47691702,703698013,694,0
56,39618189,415885347,850,1
67,17382183,129032129,699,1
62,93602532,1239800755,439,1
24,36417635,300711774,754,0
23,62907981,434237786,643,0
67,118665025,1328936755,472,1
42,10290974,11036332,415,1
54,13051212,31298103,742,0
18,12249919,162518420,512,1
38,10029399,132525543,693,0
64,25351017,72346276,756,0
67,8738180,95931387,522,1
66,6597408,28999560,766,0
20,14683680,185430719,477,1
28,16092232,184204302,352,1
47,15969132,157888323,370,1
31,19897503,150268857,723,0
65,18889342,43598876,604,0
35,7291254,47838547,696,0
34,5624776,23567970,385,1
32,17930465,196866755,577,1
51,109717904,376241317,484,0
66,12797376,72425046,657,0
36,34678764,388126337,630,0
40,31984730,311558240,789,0
53,10471481,69344692,500,0
34,18176328,155917639,803,0
34,13604952,68482978,356,1
31,148792161,1016740504,506,0
44,10511533,100448812,342,1
21,6157025,32771083,444,1
22,20304029,114045850,359,1
32,5260978,15999476,849,0
34,14111572,111540854,800,0
50,15317849,141540001,811,0
66,16215475,154092735,645,0
43,44612695,183480180,850,0
41,16537898,27792030,382,1
67,7921407,51890187,356,1
46,41963375,58750164,536,0
69,6414671,51108935,632,0
25,9177648,26976823,750,0
23,25019636,272928700,547,1
58,8863925,60397185,468,1
69,10709721,17670259,323,1
34,92292826,976921149,527,1
39,19172865,169233913,710,0
51,18339345,114608346,646,0
53,10375025,125475772,312,1
64,12153735,64687888,798,0
37,10541657,96348742,304,1
69,5687372,44443526,543,0
50,12220340,175463713,741,0
39,5386634,47515300,385,1
60,47209552,605967086,850,0
18,13967875,204941789,590,1
47,13580400,113311701,598,0
50,9137992,30328307,474,0
54,15173743,27891026,674,0
61,12217004,93889065,672,0
26,20593847,95641493,616,0
35,18021061,135781729,656,0
25,11202820,66904977,501,0
27,17420098,67652094,648,0
48,130220670,198614268,513,1
37,149831701,659520413,445,1
21,16651658,122305278,354,1
60,13899779,120593768,638,0
54,61910509,284841092,850,1
21,10835706,63242149,683,0
26,57332353,830570527,559,1
46,7089048,55449142,595,1
59,82786818,513958301,845,0
64,5467348,64267066,657,1
58,31220400,60391374,500,0
30,8951365,23534646,490,1
23,15858682,48436741,325,1
52,42774857,618229111,813,0
59,9285543,114231179,723,1
47,17088989,193213318,551,1
70,11301136,119200848,730,1
64,15349831,203572984,409,1
38,18082955,194630890,367,1
70,12974139,133824715,652,1
44,8786928,81896663,594,1
40,17092593,87735164,505,0
54,5888400,48756282,599,0
29,18020158,34188836,547,1
50,56966684,309596634,525,1
50,14914855,176758335,595,1
32,33111492,109336547,674,0
32,51828602,168938736,699,0
33,17544068,164612567,773,0
50,108560642,624701560,753,0
66,14340453,44000621,765,0
32,10954017,87576923,382,1
47,17603994,199662114,610,1
55,15533276,24282654,310,1
68,45178667,555467933,692,1
55,31070045,143424974,850,0
54,11818301,58134806,582,1
61,132911434,918099053,848,0
34,38800778,328470252,708,0
50,9756847,116754350,457,1
43,16451818,30875180,826,0
24,32721953,191411930,597,0
47,11230504,92743483,466,1
56,117119895,718698096,850,0
40,5742373,83567932,630,0
69,31794897,201005915,850,0
21,45506283,374226520,787,0
66,15093466,103092596,511,0
45,12881187,44840718,670,0
58,17345207,84085115,727,0
25,126306011,629966785,455,1
34,42006055,199130574,632,0
26,19946703,37408300,674,0
24,8684440,28092175,300,1
18,35383005,411224075,850,1
36,37689841,386370715,768,0
41,44236770,354493516,483,1
18,5543904,77329363,512,1
51,35130528,255077275,799,0
33,14055314,64734621,838,0
65,5674348,22349309,657,0
22,17993126,113864331,320,1
38,109704965,1432769335,793,1
44,7388901,8015955,441,1
45,19702236,286846920,582,1
30,40956220,344809711,850,0
26,7456870,33297746,818,0
48,6154411,80792098,406,0
28,18839506,24143249,625,0
32,6248189,19223010,573,0
35,13355893,87964884,482,1
58,12542730,43573807,679,0
20,128998948,523829904,850,0
28,7238607,19900878,602,0
45,132013049,215531135,476,1
67,13076722,25828949,564,0
43,16222141,54102867,481,0
27,14861149,168596902,575,1
20,14310086,109816669,498,1
28,20411517,274754423,459,1
45,9456628,62657875,450,0
54,9473279,73166235,472,1
41,14607090,195809771,635,0
32,10834202,102644960,316,1
21,11435160,87660518,641,0
30,17812060,201888082,408,1
28,50367089,189346142,850,0
23,33888786,247471231,824,0
32,5668957,47065238,339,1
27,6484559,35213151,646,0
56,6095169,17446692,514,0
30,117421888,1278580992,850,0
46,5737987,23736344,681,0
19,14132609,70397353,449,1
47,47746452,605334390,850,0
65,14174964,154703530,679,1
24,14708179,19547528,682,0
49,15656741,67657420,541,1
56,11229301,48277349,463,0
61,15043968,71687951,439,1
48,5046870,51937512,636,0
41,13316373,146906520,760,0
64,7113548,86212330,600,1
31,7652704,53540478,596,0
22,37539445,249954380,688,0
46,24983664,28060171,366,1
67,22505891,39022288,318,1
29,5091854,38098693,595,0
45,13894527,55480292,686,0
43,99372207,414796451,847,1
24,12208307,118551729,793,0
43,16888791,202757821,639,0
26,13476457,164979296,767,0
59,12477134,153790053,807,1
63,39961323,408228350,745,1
27,13120210,30433266,816,0
62,8253647,85650123,361,1
19,13584945,55884368,661,0
59,27616071,222614336,395,1
23,18090544,67742525,357,1
47,38607332,572733282,807,0
68,16812015,248990961,652,1
44,9694515,142696442,556,1
24,43439184,646396100,475,1
44,31016635,292268194,803,1
50,18136966,122625838,718,0
45,30951210,447225378,714,1
54,37757269,141247696,680,0
57,6960700,24687574,631,0
54,13707724,176418089,829,1
28,127583860,1899851559,568,1
57,20797986,232096462,775,1
60,121146113,250671528,743,0
63,39190506,540709046,756,1
65,11392659,89067296,666,0
30,19639822,253930556,803,0
46,6169947,6972781,591,1
18,5211614,69596808,540,1
29,14838362,122817291,789,1
65,5618300,62902822,721,1
18,13249706,163898426,800,0
48,10769889,63076290,598,0
45,9642959,73772423,607,0
24,14361300,62872725,793,0
39,14340007,83380970,606,0
32,7333998,85521807,832,0
19,20504715,276240264,457,0
44,19043358,238018480,579,1
39,6052272,65864262,309,1
20,14194671,180231933,380,1
34,36587204,235845231,513,0
21,10780020,16368511,688,0
55,11055703,73717665,478,1
28,7387196,63732588,419,1
35,16883172,194436107,641,1
24,17448757,39736062,577,0
18,98918066,929643465,850,0
34,35625784,47374008,482,1
62,16244845,125704968,768,0
39,12199902,33988203,782,0
51,48552636,215027749,812,0
32,37315247,421365671,850,0
36,18578984,193079350,390,1
20,7152266,78577328,489,0
49,5451006,67775945,492,1
49,19156773,177311161,656,0
29,11979691,20900732,348,1
57,13965536,48809753,729,0
69,22593893,272937869,441,1
33,10153893,152249691,514,1
54,11361366,21748523,324,0
61,42572775,102923693,850,0
38,100242942,1397923028,850,0
66,8953888,42728818,826,0
56,5386438,78813543,348,1
51,17434037,223729344,552,1
40,9509259,9700667,430,1
27,11670441,23342379,815,0
62,18271479,111675292,772,0
39,19143090,133673624,573,0
35,17878484,217034213,427,1
19,10876502,56006033,477,1
62,18358953,59678795,490,1
48,131836564,641201402,850,0
39,9523426,105120491,697,0
23,6906057,8053729,583,0
19,11243300,130794238,595,1
32,9274742,63993186,565,0
57,26144288,365401256,615,0
26,42028721,173896840,585,0
42,6384518,15432239,720,0
55,5068650,37498145,715,0
37,6401124,76903917,497,1
53,5490742,16618436,697,0
52,31054489,387031337,719,0
62,24968768,112229453,364,1
47,15246972,50476699,812,0
68,11689745,14854709,583,1
39,34992129,366369908,517,1
26,6951910,55252584,388,1
44,30929698,338643787,517,1
55,28307676,180937944,503,1
60,12838275,33028665,478,1
53,6542558,38526769,832,0
38,9942582,96259531,378,1
44,14286821,111623293,614,0
24,16169757,84034766,820,0
27,12243116,150893989,443,1
67,11342178,142714812,682,1
53,15949815,25842629,755,0
26,8985404,63960659,651,0
20,13960477,119201253,311,1
56,136072488,1044727383,629,0
44,13948079,41990828,757,0
37,16790791,195780314,824,1
44,43436706,616110688,512,1
41,9040903,37769513,331,1
37,19870600,142193381,475,0
60,18446743,23615828,848,0
34,133082518,1807288405,626,1
35,32319019,71070261,681,0
